姓名,英文名,身份/职称,研究方向,邮箱,照片文件名
苗运法,Yunfa Miao,研究员,孢粉学与环境变化,miaoyunfa@lzb.ac.cn,miaoyunfa.jpg
赵永涛,YongTao Zhao,副研究员,孢粉学与古气候和古生态,zhaoyt2018@lzb.ac.cn,zhaoyongtao.jpg
王雪莲,Xuelian Wang,副研究员（特聘研究岗）,生物多样性与环境演变,wangxuelian@nieer.ac.cn,wangxuelian.jpg
王树源,Shuyuan Wang,博士后,生态环境与气候变化,wangshuyuan@nieer.ac.cn,wangshuyuan.jpg
王海涛,Haitao Wang,博士后,孢粉现代过程,wanghaitao@nieer.ac.cn,wanghaitao.jpg
杨永恒,Yongheng Yang,博士后,新生代孢粉学,yangyongheng17@mails.ucas.ac.cn,
Shabir Ahmad,Shabir Ahmad,博士后,古植物学,shabir@bs.qau.edu.pk,ahmadshabir.jpg
邹亚国,Yaguo Zou,博士生,生物分布与迁徙,zouyaguo@126.com,zouyaguo.jpg
牛改红,Gaihong Niu,博士生,古环境演化,niugaihong@lzb.ac.cn,ngh.jpg
张孜越,Ziyue Zhang,博士生,荒漠化与极端气候事件,zhangziyue22@mails.ucas.ac.cn,zhangziyue.jpg
马林原,Linyuan Ma,博士生,孢粉学与环境变化,malinyuan24@mails.ucas.ac.cn ,malinyuan.jpg
李小乐,Xiaole Li,博士生,土壤微生物,lixiaole0629@163.com,lixiaole.jpg
谭宁静,Ningjing Tan,博士生,古气候模拟,tanningjing22@mails.ucas.ac.cn,tanningjing.jpg
成清娴,Qingxian Cheng,博士生,沙漠化、沙漠环境、风沙物理、风沙地貌与风沙工程,736447206@qq.com,chengqingxian.jpg
孙玥晗,Yuehan Sun,硕士生,城市绿地,viviansunyuehan@163.com,sunyuehan.jpg
于芳涛,Yu Fangtao,硕士生,孢粉学与古生态,yufangtao24@mails.ucas.ac.cn,YuFangtao.jpg
景向楠,Xiangnan Jing,硕士生,干旱环境演化、环境健康,jingxiangnan25@mails.ucas.ac.cn,jingxiangnan.jpg
高雁茹,Yanru Gao,硕士生,微地形与植被,gaoyanru@sxu.edu,gaoyanru.jpg
许非凡,Feifan Xu,硕士生,微炭屑,x309125350@163.com,xufeifan.jpg
王馨悦,Xinyue Wang,硕士生,柴达木盆地空气孢粉组成及其影响因素分析,2847147806@qq.com,wangxinyue.jpg
段蓉骅,Ronghua Duan,硕士生,,3359928094@qq.com,duanronghua.jpg
王金东,Jindong Wang,硕士生,古环境变化,wangjindong@sxu.edu.cn,wangjindong.jpg
